Workbook
Name Total_100mbs: 'Floor Distributer 1A'!$K$2
Name Total_10mbs: 'Floor Distributer 1A'!$J$2
Name Total_1gbs: 'Floor Distributer 1A'!$L$2
Name Total_CAT6_Length: 'Floor Distributer 1A'!$H$2

Sheet Summary
A1: Site
B2: SuperMarker | C2: ForeCourt | D2: Test & Service | E2: Slow Charge | F2: Battery Building 1 | G2: Battery Building 2 | H2: Substation 1 | I2: Substation 2 | J2: Car Wash | K2: Fast Charger
A3: Buildings | B3: 1 | C3: 2 | D3: 3 | E3: 4 | F3: 5 | G3: 6 | H3: 7 | I3: 8 | J3: 9 | K3: 10
A4: Floors | B4: A | C4: A | D4: A | E4: A | F4: A | G4: A | H4: A | I4: A | J4: A | K4: A
B5: B
A8: Floor A Cable Cost | B8: ='Floor Distributer 1A'!$S$11 -> 217.92
A9: Floor A Outlet Cost | B9: ='Floor Distributer 1A'!$S$18 -> 204.3
A10: Floor A Switch Cost | B10: ='Floor Distributer 1A'!$S$30 -> 2270
A12: Floor B Cable Cost | B12: ='Floor Distributer 1B'!$S$11 -> 217.92
A13: Floor B Outlet Cost | B13: ='Floor Distributer 1B'!$S$18 -> 374.55
A14: Floor B Switch Cost | B14: ='Floor Distributer 1B'!$S$30 -> 2270
A16: CD Fibre Cost | B16: ='Campus Distributor 1'!$R$11 -> 624.25
A17: CD Fibre Outlet Cost | B17: ='Campus Distributor 1'!$R$18 -> 45.4
A18: CD Switch Cost | B18: ='Campus Distributor 1'!$R$30 -> 2270
A24: Total cost of Floor A | B24: =SUM(B8:B10) -> 2692.22
A25: Total cost of Floor B | B25: =SUM(B12:B14) -> 2862.47
A26: Total Cost of CD | B26: =SUM(B16:B18) -> 2939.65
A27: Total Cost of Area | B27: =SUM(B24:B26) -> 8494.34

Sheet Floor Distributer 1A
J1: Switch | M1: PBX
G2: Total CAT6 Length | H2: =SUM(H3:H100) -> 1080 | J2: =SUM(J4:J21) -> 3 | K2: =SUM(K4:K21) -> 3 | L2: =SUM(L4:L21) -> 2 | M2: =SUM(M4:M21) -> 1 | N2: =SUM(N4:N21) -> 0 | O2: =SUM(O4:O21) -> 0
A3: Building | B3: Floor | C3: Cable ID | D3: Index | E3: Type | F3: Location | G3: Symbol | H3: Length | I3: Function | J3: 10 | K3: 100 | L3: 1000 | M3: Digital | N3: Analogue | O3: POTS
A4: 1 | B4: A | C4: A001 | D4: 001 | E4: CAT6 | F4: Counter | G4: B | H4: 75 | I4: PoS | K4: 1 | R4: Total CAT6 | S4: =Total_CAT6_Length -> 1080
A5: 1 | B5: A | C5: A002 | D5: 002 | E5: CAT6 | F5: Counter | G5: B | H5: 75 | I5: Credit Card | J5: 1 | R5: Box | S5: 300
A6: 1 | B6: A | C6: A003 | D6: 003 | E6: CAT6 | F6: Counter | G6: B | H6: 75 | I6: PoS | K6: 1 | R6: Number of Boxes | S6: =ROUNDUP(S4 / S5, 0) -> 4
A7: 1 | B7: A | C7: A004 | D7: 004 | E7: CAT6 | F7: Counter | G7: B | H7: 75 | I7: Credit Card | J7: 1 | R7: Net Cost Per Box | S7: 48
A8: 1 | B8: A | C8: A005 | D8: 005 | E8: CAT6 | F8: Counter | G8: B | H8: 75 | I8: PoS | K8: 1 | R8: Net Total before Vat | S8: =S7 * S6 -> 192
A9: 1 | B9: A | C9: A006 | D9: 006 | E9: CAT6 | F9: Counter | G9: B | H9: 75 | I9: Credit Card | J9: 1 | R9: VAT | S9: 0.135
A10: 1 | B10: A | C10: A007 | D10: 007 | E10: CAT6 | F10: Wireless AP | G10: C | H10: 40 | R10: VAT amount | S10: =S8*S9 -> 25.92
A11: 1 | B11: A | C11: A008 | D11: 008 | E11: CAT6 | F11: Security camera | G11: D | H11: 65 | R11: Gross | S11: =S8+S10 -> 217.92
A12: 1 | B12: A | C12: A009 | D12: 009 | E12: CAT6 | F12: Security camera | G12: D | H12: 80
A13: 1 | B13: A | C13: A010 | D13: 010 | E13: CAT6 | F13: Security camera | G13: D | H13: 45 | R13: Total Outlets | S13: 18 | U13: Patch Panel Capactiy | V13: 24
A14: 1 | B14: A | C14: A011 | D14: 011 | E14: CAT6 | F14: Security camera | G14: D | H14: 35 | R14: Net Cost Per Outlet | S14: 10 | U14: Required | V14: =ROUNDUP(S13/V13,0) -> 1
A15: 1 | B15: A | C15: A012 | D15: 012 | E15: CAT6 | F15: Security camera | G15: D | H15: 45 | R15: Net Total before Vat | S15: =S14 * S13 -> 180
A16: 1 | B16: A | C16: A013 | D16: 013 | E16: CAT6 | F16: Office | G16: E | H16: 55 | I16: PC | L16: 1 | R16: VAT | S16: 0.135
A17: 1 | B17: A | C17: A014 | D17: 014 | E17: CAT6 | F17: Office | G17: A+B | H17: 55 | I17: Telephone | M17: 1 | R17: VAT amount | S17: =S15*S16 -> 24.3
A18: 1 | B18: A | C18: A015 | D18: 015 | E18: CAT6 | F18: Office | G18: A+B | H18: 55 | I18: PC | L18: 1 | R18: Gross | S18: =S15+S17 -> 204.3
A19: 1 | B19: A | C19: A016 | D19: 016 | E19: CAT6 | F19: Office | G19: A+B | H19: 55
A20: 1 | B20: A | C20: A017 | D20: 017 | E20: CAT6 | F20: Office | G20: A+B | H20: 55 | R20: 10mbs | S20: =$J$2 -> 3
A21: 1 | B21: A | C21: A018 | D21: 018 | E21: CAT6 | F21: Security camera | G21: D | H21: 45 | R21: 100mbs | S21: =$K$2 -> 3
R22: 1000mbs | S22: =$L$2 -> 2
R23: Total | S23: =SUM(S20:S22) -> 8
R24: Switch Ports | S24: 24
R25: Number of Switches | S25: =ROUNDUP(S23 / S24,0) -> 1
R26: Net Cost Per Switch | S26: 2000
R27: Net Total before Vat | S27: =S26 * S25 -> 2000
R28: VAT | S28: 0.135
R29: VAT amount | S29: =S27*S28 -> 270
R30: Gross | S30: =S27+S29 -> 2270

Sheet Floor Distributer 1B
J1: Switch | M1: PBX
G2: Total CAT6 Length | H2: =SUM(H3:H100) -> 2005 | J2: =SUM(J4:J45) -> 0 | K2: =SUM(K4:K45) -> 0 | L2: =SUM(L4:L45) -> 21 | M2: =SUM(M4:M45) -> 9 | N2: =SUM(N4:N45) -> 0 | O2: =SUM(O4:O45) -> 1
A3: Building | B3: Floor | C3: Cable Number | D3: Index | E3: Type | F3: Location | G3: Symbol | H3: Length | I3: Function | J3: 10 | K3: 100 | L3: 1000 | M3: Digital | N3: Analogue | O3: POTS
A4: 1 | B4: B | C4: B001 | D4: 001 | E4: CAT6 | F4: Security camera | G4: D | H4: 35 | L4: 1 | R4: Total CAT6 | S4: =Total_CAT6_Length -> 1080
A5: 1 | B5: B | C5: B002 | D5: 002 | E5: CAT6 | F5: Security camera | G5: D | H5: 45 | L5: 1 | R5: Box | S5: 300
A6: 1 | B6: B | C6: B003 | D6: 003 | E6: CAT6 | F6: Security camera | G6: D | H6: 55 | L6: 1 | R6: Number of Boxes | S6: =ROUNDUP(S4 / S5, 0) -> 4
A7: 1 | B7: B | C7: B004 | D7: 004 | E7: CAT6 | F7: Security camera | G7: D | H7: 75 | L7: 1 | R7: Net Cost Per Box | S7: 48
A8: 1 | B8: B | C8: B005 | D8: 005 | E8: CAT6 | F8: Security camera | G8: D | H8: 50 | L8: 1 | R8: Net Total before Vat | S8: =S7 * S6 -> 192
A9: 1 | B9: B | C9: B006 | D9: 006 | E9: CAT6 | F9: Wireless AP | G9: C | H9: 15 | L9: 1 | R9: VAT | S9: 0.135
A10: 1 | B10: B | C10: B007 | D10: 007 | E10: CAT6 | F10: Seating Area | G10: A | H10: 55 | I10: Telephone | M10: 1 | R10: VAT amount | S10: =S8*S9 -> 25.92
A11: 1 | B11: B | C11: B008 | D11: 008 | E11: CAT6 | F11: Seating Area | G11: A | H11: 55 | I11: PC | L11: 1 | R11: Gross | S11: =S8+S10 -> 217.92
A12: 1 | B12: B | C12: B009 | D12: 009 | E12: CAT6 | F12: Seating Area | G12: A | H12: 55 | I12: Telephone | M12: 1
A13: 1 | B13: B | C13: B010 | D13: 010 | E13: CAT6 | F13: Seating Area | G13: A | H13: 55 | I13: PC | L13: 1 | R13: Total Outlets | S13: 33 | U13: Patch Panel Capactiy | V13: 24
A14: 1 | B14: B | C14: B011 | D14: 011 | E14: CAT6 | F14: Seating Area | G14: A | H14: 55 | I14: Telephone | M14: 1 | R14: Net Cost Per Outlet | S14: 10 | U14: Required | V14: =ROUNDUP(S13/V13,0) -> 2
A15: 1 | B15: B | C15: B012 | D15: 012 | E15: CAT6 | F15: Seating Area | G15: A | H15: 55 | I15: PC | L15: 1 | R15: Net Total before Vat | S15: =S14 * S13 -> 330
A16: 1 | B16: B | C16: B013 | D16: 013 | E16: CAT6 | F16: Seating Area | G16: A | H16: 55 | I16: Telephone | M16: 1 | R16: VAT | S16: 0.135
A17: 1 | B17: B | C17: B014 | D17: 014 | E17: CAT6 | F17: Seating Area | G17: A | H17: 55 | I17: PC | L17: 1 | R17: VAT amount | S17: =S15*S16 -> 44.55
A18: 1 | B18: B | C18: B015 | D18: 015 | E18: CAT6 | F18: Seating Area | G18: A | H18: 55 | I18: Telephone | M18: 1 | R18: Gross | S18: =S15+S17 -> 374.55
A19: 1 | B19: B | C19: B016 | D19: 016 | E19: CAT6 | F19: Seating Area | G19: A | H19: 55 | I19: PC | L19: 1
A20: 1 | B20: B | C20: B017 | D20: 017 | E20: CAT6 | F20: Seating Area | G20: A | H20: 55 | I20: Telephone | M20: 1 | R20: 10mbs | S20: =$J$2 -> 0
A21: 1 | B21: B | C21: B018 | D21: 018 | E21: CAT6 | F21: Seating Area | G21: A | H21: 55 | I21: PC | L21: 1 | R21: 100mbs | S21: =$K$2 -> 0
A22: 1 | B22: B | C22: B019 | D22: 019 | E22: CAT6 | F22: Seating Area | G22: A | H22: 55 | I22: Telephone | M22: 1 | R22: 1000mbs | S22: =$L$2 -> 21
A23: 1 | B23: B | C23: B020 | D23: 020 | E23: CAT6 | F23: Seating Area | G23: A | H23: 55 | I23: PC | L23: 1 | R23: Total | S23: =SUM(S20:S22) -> 21
A24: 1 | B24: B | C24: B021 | D24: 021 | E24: CAT6 | F24: Seating Area | G24: A | H24: 55 | I24: Telephone | M24: 1 | R24: Switch Ports | S24: 24
A25: 1 | B25: B | C25: B022 | D25: 022 | E25: CAT6 | F25: Seating Area | G25: A | H25: 55 | I25: PC | L25: 1 | R25: Number of Switches | S25: =ROUNDUP(S23 / S24,0) -> 1
A26: 1 | B26: B | C26: B023 | D26: 023 | E26: CAT6 | F26: Seating Area | G26: A | H26: 55 | I26: Fax | O26: 1 | R26: Net Cost Per Switch | S26: 2000
A27: 1 | B27: B | C27: B024 | D27: 024 | E27: CAT6 | F27: Seating Area | G27: A | H27: 55 | I27: Printer | L27: 1 | R27: Net Total before Vat | S27: =S26 * S25 -> 2000
A28: 1 | B28: B | C28: B025 | D28: 025 | E28: CAT6 | F28: Seating Area | G28: A | H28: 55 | I28: PC | L28: 1 | R28: VAT | S28: 0.135
A29: 1 | B29: B | C29: B026 | D29: 026 | E29: CAT6 | F29: Seating Area | G29: A | H29: 55 | I29: Telephone | M29: 1 | R29: VAT amount | S29: =S27*S28 -> 270
A30: 1 | B30: B | C30: B027 | D30: 027 | E30: CAT6 | F30: Fire Alarm | G30: A | H30: 90 | L30: 1 | R30: Gross | S30: =S27+S29 -> 2270
A31: 1 | B31: B | C31: B028 | D31: 028 | E31: CAT6 | F31: Burgler Alarm | G31: A | H31: 90 | L31: 1
A32: 1 | B32: B | C32: B029 | D32: 029 | E32: CAT6 | F32: Outside Wireless AP | G32: C | H32: 90 | L32: 1
A33: 1 | B33: B | C33: B030 | D33: 030 | E33: CAT6 | F33: Outside Security camera | G33: D | H33: 90 | L33: 1
A34: 1 | B34: B | C34: B031 | D34: 031 | E34: CAT6 | F34: Outside Security camera | G34: D | H34: 90 | L34: 1
A35: 1 | B35: B | C35: B032 | D35: 032 | E35: CAT6 | F35: Outside Security camera | G35: D | H35: 90
A36: 1 | B36: B | C36: B033 | D36: 033 | E36: CAT6 | F36: Outside Security camera | G36: D | H36: 90

Sheet Campus Distributor 1
D1: Total CAT6 Length (In Metres) | E1: =SUM(G6:G98) -> 20 | I1: Switch | L1: PBX
D2: Total Fibre Length (In Metres) | E2: =SUM(G4:G100) -> 420 | I2: =SUM(I4:I45) -> 0 | J2: =SUM(J4:J45) -> 0 | K2: =SUM(K4:K45) -> 4 | L2: =SUM(L4:L45) -> 0 | M2: =SUM(M4:M45) -> 0 | N2: =SUM(N4:N45) -> 0
A3: Building | B3: Cable Number | C3: Index | D3: Type | E3: Location | F3: Symbol | G3: Length | H3: Function | I3: 10 | J3: 100 | K3: 1000 | L3: Digital | M3: Analogue | N3: POTS
A4: 1 | B4: C001 | C4: 001 | D4: Single Mode Fibre | E4: CD1 to CD2 | F4: Green Line | G4: 200 | H4: Connecting Distributors | K4: 1 | Q4: Total Fibre Length | R4: =E2 -> 420
A5: 1 | B5: C002 | C5: 002 | D5: Single Mode Fibre | E5: CD1 to CD3 | F5: Green Line | G5: 200 | H5: Connecting Distributors | K5: 1 | Q5: Reel Length | R5: 100
A6: 1 | B6: CDA1 | C6: 003 | D6: Single Mode Fibre | E6: CD1 to FD1 | F6: Not Visible | G6: 10 | H6: Connecting FDs and BDs | K6: 1 | Q6: Number of Reels | R6: =ROUNDUP(R4 / R5, 0) -> 5
A7: 1 | B7: CDA2 | C7: 003 | D7: Single Mode Fibre | E7: CD1 to BD1 | F7: Not Visible | G7: 10 | H7: Connecting FDs and BDs | K7: 1 | Q7: Net Cost Per Box | R7: 110
Q8: Net Total before Vat | R8: =R7 * R6 -> 550
Q9: VAT | R9: 0.135
Q10: VAT amount | R10: =R8*R9 -> 74.25
Q11: Gross | R11: =R8+R10 -> 624.25
Q13: Total Outlets | R13: 4 | T13: Patch Panel Capactiy | U13: 24
Q14: Net Cost Per Outlet | R14: 10 | T14: Required | U14: =ROUNDUP(R13/U13,0) -> 1
Q15: Net Total before Vat | R15: =R14 * R13 -> 40
Q16: VAT | R16: 0.135
Q17: VAT amount | R17: =R15*R16 -> 5.4
Q18: Gross | R18: =R15+R17 -> 45.4
Q20: 10mbs | R20: =$I$2 -> 0
Q21: 100mbs | R21: =$J$2 -> 0
Q22: 1000mbs | R22: =$K$2 -> 4
Q23: Total | R23: =SUM(R20:R22) -> 4
Q24: Switch Ports | R24: 24
Q25: Number of Switches | R25: =ROUNDUP(R23 / R24,0) -> 1
Q26: Net Cost Per Switch | R26: 2000
Q27: Net Total before Vat | R27: =R26 * R25 -> 2000
Q28: VAT | R28: 0.135
Q29: VAT amount | R29: =R27*R28 -> 270
Q30: Gross | R30: =R27+R29 -> 2270
A35: Note: Fibre quote obtained from rs-online.com
